{"schemaVersion":2,"kind":"wurmkickflip.locomotionPolicy","modelVersion":"locomotion-articulated-contact-es-v2.1-candidate","architecture":"segmental-recurrent-tanh","segmentCount":16,"actionSize":32,"sensorNames":["targetForward","targetRight","targetDistance","forwardSpeed","angularSpeed","terrainFriction","urgency","contactLoad","slipSpeed","obstacleForward","obstacleRight"],"segmentPositions":[-1.0,-0.86666667,-0.73333333,-0.6,-0.46666667,-0.33333333,-0.2,-0.06666667,0.06666667,0.2,0.33333333,0.46666667,0.6,0.73333333,0.86666667,1.0],"initialState":[0.75170532,-0.50110622,-0.13184598,-0.50396734,0.86743369,-0.6578853,-0.30004522,-0.12687394,0.67225516,-0.64867872,-0.9622105,-0.20816155,-0.81919628,0.10378047,0.4079471,-0.85372098],"weights":{"inputNames":["bias","segmentPosition","targetForward","targetRight","targetRightByPosition","targetDistance","forwardSpeed","angularSpeed","terrainFriction","urgency","segmentBend","segmentBendVelocity","previousCommand","contactLoad","slipSpeed","obstacleForward","obstacleRight"],"input":[0.48919672,0.95351571,0.49861055,2.1398631,0.60842626,-0.20295521,0.42701192,1.59913497,0.62091628,1.24313137,-1.12005183,1.69449108,-0.18395001,-0.84162065,-1.39073746,-0.94033311,-0.63617551],"recurrentNames":["self","anteriorNeighbor","posteriorNeighbor"],"recurrent":[-0.99576874,-0.71008333,-0.56542582],"outputNames":["bias","self","anteriorNeighbor","posteriorNeighbor","targetRight","targetRightByPosition","segmentBend","obstacleRight","contactLoad"],"output":[0.16679919,0.07363019,2.0651141,-0.58995069,2.4036472,3.04852004,0.54077741,-0.65350425,-0.31625608]},"plant":{"version":"articulated-contact-v2","timestep":0.016666666666666666,"jointStiffness":22.0,"jointDamping":7.0,"jointLimit":1.15,"spacing":0.102,"actuatorStiffness":78.0,"actuatorDamping":8.5,"shapeBendScale":0.19,"constraintIterations":6.0,"constraintCompliance":0.035,"longitudinalFriction":1.15,"lateralFriction":17.5,"freeVelocityDrag":0.42,"maximumSpeed":2.4,"maximumVerticalSpeed":2.4,"baseRadius":0.085,"baseGroundClearance":0.105},"training":{"algorithm":"elitist-mutation-evolution","seed":20260721,"generations":10,"populationSize":64,"eliteCount":12,"episodeSteps":480,"scenarioCount":12,"domainRandomization":["obstacles","spatial-friction","body-scale","target-switches","contact-loss"],"objectiveVersion":"articulated-contact-obstacle-recovery-v2","actuatorPrecision":"float32-plant-command","warmStart":{"sha256":"4555d750934b723d619f965f5b41929c3aee846876d51c3c8176bc4d5139d1e5","modelVersion":"locomotion-articulated-contact-es-v2"},"fitness":78.24728009,"meanTargetProgress":3.77661458,"pathEfficiency":0.77304956,"meanFinalDistance":0.79469453,"meanSpeed":0.61241557,"actuatorTemporalStd":0.91811925,"segmentDiversity":0.06879417,"meanEnergy":0.90509936,"reachedRatio":0.5,"meanDisplacement":3.24259328,"meanHeadingAlignment":-0.16753821,"ablations":{"fullProgress":3.77661458,"zeroProgress":0.0,"frozenProgress":-0.13366329,"shuffledProgress":1.06530922,"noFrictionDisplacement":0.0},"deterministicTraceHash":"c4ba8fd0f5ebffa1e76ae1972accd12226068a6f70f6ee8d199dd32f39084dfd"}}
