{"schemaVersion":1,"kind":"wurmkickflip.locomotionPolicy","modelVersion":"locomotion-segmental-es-quality-robust-v1","architecture":"segmental-recurrent-tanh","segmentCount":16,"actionSize":32,"sensorNames":["targetForward","targetRight","targetDistance","forwardSpeed","angularSpeed","terrainFriction","urgency"],"segmentPositions":[-1.0,-0.86666667,-0.73333333,-0.6,-0.46666667,-0.33333333,-0.2,-0.06666667,0.06666667,0.2,0.33333333,0.46666667,0.6,0.73333333,0.86666667,1.0],"initialState":[-0.05795062,-0.0865379,0.451684,-0.03940745,-0.13910171,0.40998713,-0.36102611,0.57317704,0.38078377,-0.82236977,0.98,-0.64874991,0.6830305,-0.37574325,-0.73547373,-0.13281275],"weights":{"inputNames":["bias","segmentPosition","targetForward","targetRight","targetRightByPosition","targetDistance","forwardSpeed","angularSpeed","terrainFriction","urgency","segmentBend","segmentBendVelocity","previousCommand"],"input":[1.1501173,0.13420389,-0.02216241,-1.1832113,-1.69160357,-0.25564698,-0.32587002,-1.43635334,-0.736114,-0.30099474,-1.9340502,-2.75178358,1.75373372],"recurrentNames":["self","anteriorNeighbor","posteriorNeighbor"],"recurrent":[-0.85274479,0.23051655,0.48289506],"outputNames":["bias","self","anteriorNeighbor","posteriorNeighbor","targetRight","targetRightByPosition","segmentBend"],"output":[-0.18026889,-3.0453956,-1.99589942,1.88754207,2.63052676,-0.98569066,-0.54717021]},"plant":{"timestep":0.016666666666666666,"jointStiffness":22.0,"jointDamping":7.0,"jointLimit":1.15,"waveGain":-1.35,"maximumForwardAcceleration":2.4,"linearDrag":0.75,"inverseTractionDrag":0.18,"tractionMinimum":0.0,"tractionMaximum":1.2,"inverseTractionFloor":0.12,"minimumForwardSpeed":-1.45,"maximumForwardSpeed":1.45,"frontTurnBase":1.15,"frontTurnSpeedGain":1.65,"angularDrag":2.8,"minimumAngularSpeed":-3.0,"maximumAngularSpeed":3.0},"training":{"algorithm":"elitist-mutation-evolution","seed":20260719,"generations":80,"populationSize":128,"eliteCount":18,"episodeSteps":420,"scenarioCount":8,"objectiveVersion":"risk-sensitive-bottom-two-v1","actuatorPrecision":"float32-plant-command","warmStart":{"path":"seeds/wurmkickflip_locomotion_warm_start_v1.json","sha256":"8d3878f5612fcc3db5f9c297e9f1b7fd3811d261366122bb1379a28fa39b6225","modelVersion":"locomotion-segmental-es-v1"},"fitness":18.19757151,"meanTargetProgress":1.61448157,"pathEfficiency":0.72719174,"meanFinalDistance":2.77609949,"meanSpeed":0.27590659,"actuatorTemporalStd":0.7154094,"segmentDiversity":0.05081683,"meanEnergy":0.945897,"reachedRatio":0.25,"meanDisplacement":1.89154908,"meanHeadingAlignment":0.7879935,"ablations":{"fullProgress":1.61448157,"zeroProgress":0.0,"frozenProgress":0.00957775,"shuffledProgress":0.97209411,"noFrictionDisplacement":0.0},"deterministicTraceHash":"35bae5d640226d9e64a171802515cd7b9b199c070d84d8714246d26608c50dfd"}}
