{
  "steps": 180,
  "timestep": 0.016667,
  "final": {
    "time": 3,
    "boardX": 1.344299,
    "boardY": 0.410727,
    "boardZ": 0.086446,
    "boardVx": 0.951609,
    "boardVz": 0.001659,
    "boardPitch": -0.011289,
    "boardRoll": -0.131987,
    "boardYaw": 0.006656,
    "wheelSpin": -16.410095,
    "reward": 5.372003,
    "contactRatio": 1,
    "distance": 2.344299,
    "previousActionHead": [
      -0.472422,
      0.472422,
      0.284,
      -0.284,
      0.876221,
      -0.876221,
      0.961834,
      -0.961834
    ],
    "segmentSample": [
      0.556799,
      0.607262,
      -0.002948,
      -0.170072,
      -0.07838,
      1.396799,
      0.608578,
      0.006993,
      -0.183612,
      -0.08515,
      2.131799,
      0.62494,
      -0.112886,
      -0.351911,
      -0.169299
    ]
  }
}
