{
  "schemaVersion": 1,
  "kind": "wurmkickflip.locomotionPolicy",
  "modelVersion": "locomotion-segmental-es-v1",
  "architecture": "segmental-recurrent-tanh",
  "segmentCount": 16,
  "actionSize": 32,
  "sensorNames": [
    "targetForward",
    "targetRight",
    "targetDistance",
    "forwardSpeed",
    "angularSpeed",
    "terrainFriction",
    "urgency"
  ],
  "segmentPositions": [
    -1.0, -0.86666667, -0.73333333, -0.6, -0.46666667, -0.33333333, -0.2, -0.06666667, 0.06666667, 0.2,
    0.33333333, 0.46666667, 0.6, 0.73333333, 0.86666667, 1.0
  ],
  "initialState": [
    -0.13108119, 0.03285948, 0.44551569, 0.00278672, -0.11695539, 0.38845222, -0.45819255, 0.5996126,
    0.43162363, -0.73246332, 0.94764666, -0.69006741, 0.70415863, -0.36898058, -0.79233386, -0.23474598
  ],
  "weights": {
    "inputNames": [
      "bias",
      "segmentPosition",
      "targetForward",
      "targetRight",
      "targetRightByPosition",
      "targetDistance",
      "forwardSpeed",
      "angularSpeed",
      "terrainFriction",
      "urgency",
      "segmentBend",
      "segmentBendVelocity",
      "previousCommand"
    ],
    "input": [
      0.98699642, 0.14751173, 0.07622604, -1.07565774, -1.72473732, -0.10860901, -0.32765219, -1.4622904,
      -0.87541789, -0.09424715, -1.95157302, -2.78352059, 1.77069793
    ],
    "recurrentNames": ["self", "anteriorNeighbor", "posteriorNeighbor"],
    "recurrent": [-0.83644011, 0.29151994, 0.46923392],
    "outputNames": [
      "bias",
      "self",
      "anteriorNeighbor",
      "posteriorNeighbor",
      "targetRight",
      "targetRightByPosition",
      "segmentBend"
    ],
    "output": [-0.18246609, -3.04318618, -2.02046707, 1.80065784, 2.80332571, -0.90008051, -0.67069497]
  },
  "plant": {
    "timestep": 0.016666666666666666,
    "jointStiffness": 22.0,
    "jointDamping": 7.0,
    "jointLimit": 1.15,
    "waveGain": -1.35,
    "maximumForwardAcceleration": 2.4,
    "linearDrag": 0.75,
    "inverseTractionDrag": 0.18,
    "frontTurnBase": 1.15,
    "frontTurnSpeedGain": 1.65,
    "angularDrag": 2.8
  },
  "training": {
    "algorithm": "elitist-mutation-evolution",
    "seed": 20260715,
    "generations": 110,
    "populationSize": 128,
    "eliteCount": 18,
    "episodeSteps": 420,
    "scenarioCount": 8,
    "fitness": 15.3696881,
    "meanTargetProgress": 1.5985823,
    "pathEfficiency": 0.74321842,
    "meanFinalDistance": 2.79199876,
    "meanSpeed": 0.27125636,
    "actuatorTemporalStd": 0.70923365,
    "segmentDiversity": 0.0502348,
    "meanEnergy": 0.94481586,
    "reachedRatio": 0.25,
    "meanDisplacement": 1.86814934,
    "meanHeadingAlignment": 0.77965245,
    "ablations": {
      "fullProgress": 1.5985823,
      "zeroProgress": 0.0,
      "frozenProgress": 0.01104731,
      "shuffledProgress": 1.11454028,
      "noFrictionDisplacement": 0.0
    },
    "deterministicTraceHash": "0e47c42a8aaa1857d814b7d584cb94739763561044094d2216d4d8bd6bcb48e0"
  }
}
