{
  "schemaVersion": 2,
  "kind": "wurmkickflip.locomotionPolicy",
  "architecture": "segmental-recurrent-tanh",
  "segmentCount": 16,
  "actionSize": 32,
  "sensorNames": [
    "targetForward",
    "targetRight",
    "targetDistance",
    "forwardSpeed",
    "angularSpeed",
    "terrainFriction",
    "urgency",
    "contactLoad",
    "slipSpeed",
    "obstacleForward",
    "obstacleRight"
  ],
  "segmentPositions": [
    -1,
    -0.86666667,
    -0.73333333,
    -0.6,
    -0.46666667,
    -0.33333333,
    -0.2,
    -0.06666667,
    0.06666667,
    0.2,
    0.33333333,
    0.46666667,
    0.6,
    0.73333333,
    0.86666667,
    1
  ],
  "initialState": [
    -0.98,
    0.95390854,
    -0.88518085,
    0.35396638,
    0.47343455,
    -0.43961505,
    0.13267677,
    -0.98,
    -0.61980583,
    0.98,
    -0.07328735,
    -0.47686784,
    -0.02806158,
    0.84109456,
    0.98,
    0.4184546
  ],
  "weights": {
    "inputNames": [
      "bias",
      "segmentPosition",
      "targetForward",
      "targetRight",
      "targetRightByPosition",
      "targetDistance",
      "forwardSpeed",
      "angularSpeed",
      "terrainFriction",
      "urgency",
      "segmentBend",
      "segmentBendVelocity",
      "previousCommand",
      "contactLoad",
      "slipSpeed",
      "obstacleForward",
      "obstacleRight"
    ],
    "input": [
      1.8962418,
      0.45119161,
      -0.02294479,
      0.02881726,
      0.63133678,
      -0.04216515,
      0.7177489,
      0.89627429,
      0.62900977,
      -0.99773579,
      -0.58038205,
      -0.74368202,
      0.28532878,
      0.4332245,
      -0.60773162,
      0.06461218,
      -0.6383996
    ],
    "recurrentNames": [
      "self",
      "anteriorNeighbor",
      "posteriorNeighbor"
    ],
    "recurrent": [
      0.56631266,
      -1.1230874,
      1.79680271
    ],
    "outputNames": [
      "bias",
      "self",
      "anteriorNeighbor",
      "posteriorNeighbor",
      "targetRight",
      "targetRightByPosition",
      "segmentBend",
      "obstacleRight",
      "contactLoad"
    ],
    "output": [
      0.36084618,
      0.1986287,
      0.47506168,
      -1.06801965,
      2.12067697,
      -1.69938764,
      0.49515428,
      0.80053162,
      -0.65786383
    ]
  },
  "plant": {
    "version": "articulated-contact-v2",
    "timestep": 0.016666666666666666,
    "jointStiffness": 22,
    "jointDamping": 7,
    "jointLimit": 1.15,
    "spacing": 0.102,
    "actuatorStiffness": 78,
    "actuatorDamping": 8.5,
    "shapeBendScale": 0.19,
    "constraintIterations": 6,
    "constraintCompliance": 0.035,
    "longitudinalFriction": 1.15,
    "lateralFriction": 17.5,
    "freeVelocityDrag": 0.42,
    "maximumSpeed": 2.4,
    "maximumVerticalSpeed": 2.4,
    "baseRadius": 0.085,
    "baseGroundClearance": 0.105
  },
  "modelVersion": "locomotion-head-leading-es-v3-terrarium-causal-candidate-v1",
  "training": {
    "algorithm": "deterministic-coordinate-composition-retained-candidate",
    "objectiveVersion": "diagnostic-retained-terrarium-causal-candidate-v1",
    "episodeSteps": 480,
    "combinedRecoveryMode": "bounded-480",
    "derivationRecipe": {
      "schemaVersion": 1,
      "kind": "wurmkickflip.deterministicCoordinateCompositionRecipe",
      "operation": "copy the exact historical discovery genome, then add three bounded coordinate deltas",
      "historicalDiscoverySourceArtifact": {
        "path": "training/runs/locomotion_head_leading_v3/final-v3-windows-four-solve.json",
        "sha256": "87b9e3444b1fa1366d21df0be4ea72f1441665424b96a196751c119f820bbe67",
        "summaryPath": "training/runs/locomotion_head_leading_v3/final-v3-windows-four-solve-summary.json",
        "summarySha256": "6dab1afb5d4b396b6ea523c6a85c1bdaf1c288250a72bb6f8c67e1664aed79a9",
        "modelVersion": "locomotion-articulated-head-leading-es-v3",
        "canonicalGenomeRecipeHash": "d8ff50d99a66837ff218561fe2979acf85d84e0e470507bb9736d06473b6cf42",
        "declaredRecipe": {
          "seed": 20260737,
          "generations": 10,
          "populationSize": 64,
          "eliteCount": 12,
          "episodeSteps": 480,
          "combinedRecoveryMode": "bounded-480"
        },
        "serializedGenome": [
          -0.98,
          0.95390854,
          -0.88518085,
          0.35396638,
          0.47343455,
          -0.43961505,
          0.13267677,
          -0.98,
          -0.61980583,
          0.98,
          -0.07328735,
          -0.47686784,
          -0.02806158,
          0.84109456,
          0.98,
          0.4184546,
          1.8962418,
          0.45119161,
          -0.02294479,
          0.02881726,
          0.63133678,
          -0.04216515,
          0.7177489,
          0.89627429,
          0.52900977,
          -0.99773579,
          -0.58038205,
          -0.74368202,
          0.28532878,
          0.4332245,
          -0.60773162,
          0.06461218,
          -0.6383996,
          0.56631266,
          -1.1230874,
          1.79680271,
          0.36084618,
          0.1986287,
          0.47506168,
          -1.06801965,
          2.07067697,
          -1.69938764,
          0.49515428,
          0.81053162,
          -0.65786383
        ],
        "recipeSourceSha256": {
          "training/wurmkickflip_rl/evolve_locomotion_policy.py": "6190e14bd1e887231abf96c95413057b6730db1b21086f635055cb8edf1a31a9",
          "training/wurmkickflip_rl/articulated_locomotion.py": "8892268f98d25839c4bb35d911e2def52efb50da65d43f2a21f1c8218929cf72",
          "training/wurmkickflip_rl/contracts.py": "ea7b182d9f753c3dcd6d569150adfd08496b3ec2af01bd6cb73d15c6be901a91",
          "contracts/locomotion-v2.json": "50acf6e504a4c98975f1983ed3710343d65045c818787108a885ee9cdd08f72e",
          "training/uv.lock": "d1e602609b18ae9547455ec9d128b10356487e6665a698e3963090e5b6451819",
          "training/pyproject.toml": "701bd00f81d7bc36c2c3cc328120ebd544cdb3a70034238a3f153cd62f04a0fb"
        },
        "warmStart": {
          "sha256": "5a4e670acb45f69cdfc30ee9c2be5d4e12563e6b37d960264890f44658b656b8",
          "modelVersion": "locomotion-head-leading-es-v3-four-solve-swap-1-3-seed-v1"
        },
        "genomeDecimals": 8
      },
      "coordinateDeltas": [
        {
          "genomeIndex": 24,
          "section": "weights.input",
          "name": "terrainFriction",
          "delta": 0.1
        },
        {
          "genomeIndex": 40,
          "section": "weights.output",
          "name": "targetRight",
          "delta": 0.05
        },
        {
          "genomeIndex": 43,
          "section": "weights.output",
          "name": "obstacleRight",
          "delta": -0.01
        }
      ],
      "diagnosticArtifact": {
        "path": "training/runs/locomotion_candidate_screen/exact-local/exact-p10-g43m01-g40p05.json",
        "sha256": "420744ebb7a7860d45e463b448c700c8dd1bbdaae0640ac1ab6220a6e3932827",
        "modelVersion": "locomotion-diagnostic-exact-p10-g43m01-g40p05-v1"
      },
      "genomeDecimals": 8,
      "recipeSourceSha256": {
        "training/wurmkickflip_rl/evolve_locomotion_policy.py": "6190e14bd1e887231abf96c95413057b6730db1b21086f635055cb8edf1a31a9",
        "training/wurmkickflip_rl/articulated_locomotion.py": "8892268f98d25839c4bb35d911e2def52efb50da65d43f2a21f1c8218929cf72",
        "training/wurmkickflip_rl/contracts.py": "ea7b182d9f753c3dcd6d569150adfd08496b3ec2af01bd6cb73d15c6be901a91",
        "contracts/locomotion-v2.json": "50acf6e504a4c98975f1983ed3710343d65045c818787108a885ee9cdd08f72e",
        "training/uv.lock": "d1e602609b18ae9547455ec9d128b10356487e6665a698e3963090e5b6451819",
        "training/pyproject.toml": "701bd00f81d7bc36c2c3cc328120ebd544cdb3a70034238a3f153cd62f04a0fb"
      },
      "cleanCloneReconstruction": "start from historicalDiscoverySourceArtifact.serializedGenome, apply each coordinate delta once, round every value to genomeDecimals; ignored paths are historical labels only"
    },