{"schemaVersion":2,"kind":"wurmkickflip.locomotionPolicy","modelVersion":"locomotion-head-leading-es-v3-guarded-search-seed-v2","architecture":"segmental-recurrent-tanh","segmentCount":16,"actionSize":32,"sensorNames":["targetForward","targetRight","targetDistance","forwardSpeed","angularSpeed","terrainFriction","urgency","contactLoad","slipSpeed","obstacleForward","obstacleRight"],"segmentPositions":[-1.0,-0.86666667,-0.73333333,-0.6,-0.46666667,-0.33333333,-0.2,-0.06666667,0.06666667,0.2,0.33333333,0.46666667,0.6,0.73333333,0.86666667,1.0],"initialState":[-0.86327307,0.68512298,-0.73024817,0.44489781,0.15402824,-0.49142132,0.31855966,-0.42773144,-0.40252549,0.64748304,0.05215052,-0.63388771,0.06733777,0.44296262,0.50572596,0.65532732],"weights":{"inputNames":["bias","segmentPosition","targetForward","targetRight","targetRightByPosition","targetDistance","forwardSpeed","angularSpeed","terrainFriction","urgency","segmentBend","segmentBendVelocity","previousCommand","contactLoad","slipSpeed","obstacleForward","obstacleRight"],"input":[1.88429491,0.43292392,-0.03673078,0.03118048,0.68980183,-0.22137642,0.71667305,0.81338518,0.51805359,-0.90937481,-0.44057904,-1.00221558,0.54184271,-0.43626395,-0.35592302,0.27256574,-0.35540305],"recurrentNames":["self","anteriorNeighbor","posteriorNeighbor"],"recurrent":[0.73698939,-0.57408012,1.26562858],"outputNames":["bias","self","anteriorNeighbor","posteriorNeighbor","targetRight","targetRightByPosition","segmentBend","obstacleRight","contactLoad"],"output":[0.06024533,0.07922955,-0.07440938,-0.49204317,2.45703791,-1.89928954,-0.01645635,1.09591855,-0.50634442]},"plant":{"version":"articulated-contact-v2","timestep":0.016666666666666666,"jointStiffness":22.0,"jointDamping":7.0,"jointLimit":1.15,"spacing":0.102,"actuatorStiffness":78.0,"actuatorDamping":8.5,"shapeBendScale":0.19,"constraintIterations":6.0,"constraintCompliance":0.035,"longitudinalFriction":1.15,"lateralFriction":17.5,"freeVelocityDrag":0.42,"maximumSpeed":2.4,"maximumVerticalSpeed":2.4,"baseRadius":0.085,"baseGroundClearance":0.105},"training":{"algorithm":"retained-v3-search-checkpoint","sourceSummarySha256":"19497fca41ec1d3187e19b8c923721dec0038313b0b2872948785076fbc74f5a","sourceCanonicalGenomeRecipeHash":"807142f5f31c744c2ddd85da68ebe12017354881b4ea1033e407d5d9f3f8869d","sourceRecipe":{"seed":20260737,"generations":10,"populationSize":64,"eliteCount":12,"episodeSteps":480,"combinedRecoveryMode":"bounded-480","warmStart":{"sha256":"e9d09ff2ca139512b511b9660b3115293e380525944eed0b54bcd74703d07aea","modelVersion":"locomotion-head-leading-es-v3-smoke-e"}},"selectionGateCount":16,"selectionGateTotal":17,"failedPublicationGates":["combinedControlProgress"],"allAblationGatesPassed":true,"publicRuntimeModel":false}}
